<?xml version="1.0" encoding="UTF-8"?>
<!--
To change this license header, choose License Headers in Project Properties.
To change this template file, choose Tools | Templates
and open the template in the editor.
-->


<messages>
   
    
    <template>
        <tempID>46740</tempID>
        <shortForm>Function Notification</shortForm>
        <description>
           Dear Parent, (Function/Competition) will be held on (Date) at (Time) in college Premises. Kindly encourage your ward to be part of the (Function/Complete). Thank you. From: NK PU College, Yadgir.
        </description>
    </template>
    <template>
        <tempID>46738</tempID>
        <shortForm>Vacation Notification</shortForm>
        <description>
            Dear Parent, (summer/Winter) vacation starts from #VAL# and reopens on (Reopen date). Thank You. From: NK PU College, Yadgir. 
        </description>
    </template>
    <template>
        <tempID>46737</tempID>
        <shortForm>Holiday Notification</shortForm>
        <description>
          Dear Parents, (Date) will be holiday on occasion of (Reason for holiday). Thank You. From: NK PU College, Yadgir.
        </description>
    </template>
        <template>
        <tempID>46736</tempID>
        <shortForm>PT Notification</shortForm>
        <description>
          Dear Parents, Parents Meeting is going to be held on (Date) at (Time). Please attend without fail. Thank you. From: NK PU College, Yadgir.
        </description>
    </template>
        <template>
        <tempID>46735</tempID>
        <shortForm>Result Notification</shortForm>
        <description>
          Dear Parents, the results of (Mid Term/Annual Exams) will be announced on (Date) at (Time). Thank you. From: NK PU College, Yadgir.
        </description>
    </template>
        <template>
        <tempID>46734</tempID>
        <shortForm>Exam Notification</shortForm>
        <description>
          Dear Parents, The (Mid Term/Annual Term) Exams will begin from (Start date) to (End date). Thank you. From: NK PU College, Yadgir.
        </description>
    </template>
        <template>
        <tempID>46733</tempID>
        <shortForm>Unit Test Notification</shortForm>
        <description>
          Dear Parents, The (Unit test number) will begin from (Start date) to (End Date). Thank you. From: NK PU College, Yadgir.
        </description>
    </template>
        <template>
        <tempID>46731</tempID>
        <shortForm>Fee Payment Notification</shortForm>
        <description>
          Dear Parents, you are requested to pay the (First Term/Second Term) fee before (Date). Ignore if already paid. Thank you. From: NK PU College, Yadgir.
        </description>
    </template>
    <template>
        <tempID>47381</tempID>
        <shortForm>Holiday Notification-1</shortForm>
        <description>
        Dear Parents, (Date) will be holiday due to (Reason).  Thank you. From: NK PU College, Yadgir.
        </description>
    </template>
        
</messages>
